,Repository Name with Owner,ProjectIDLibrariesio,Platform,Lib_Name,Dependent Projects Count,ProjectOwner,ProjectName,ProjectIDGHTorrent,Vindex,ProjectAge,TotalWatchers,TotalCommitters,TotalCommits,TotalClosedIssues,PullRequestDuration,PullRequestCommentDuration,CommitsDuration,IssueCommentsDuration,PullRequestAcceptedDuration,PullRequestRejectedDuration,AvgPullRequestComments
3,mewwts/addict,31751,Pypi,addict,2,mewwts,addict,13677100,0,1399,1622,18,200,38,0,0,0,0,3,0,3
4,scrapinghub/adblockparser,31755,Pypi,adblockparser,1,scrapinghub,adblockparser,7835578,0,1705,104,2,53,5,0,182,492,2,4,0,1
6,andycasey/ads,31793,Pypi,ads,1,andycasey,ads,8786366,0,1889,82,10,148,49,20,206,0,0,0,1,1
7,sgillies/affine,31819,Pypi,affine,1,sgillies,affine,9846199,0,1600,62,4,80,21,0,0,678,16,0,1,2
8,Polyconseil/aioamqp,31876,Pypi,aioamqp,1,Polyconseil,aioamqp,9730498,0,1691,156,33,472,54,0,8,0,2,2,3,3
9,saghul/aiodns,31884,Pypi,aiodns,1,saghul,aiodns,8852106,1,1658,185,2,51,21,0,0,777,0,1,0,9
10,aio-libs/aiohttp,31892,Pypi,aiohttp,31,aio-libs,aiohttp,59427772,1,592,3001,161,2846,703,0,1,0,0,0,1,4
11,aio-libs/aioredis,31902,Pypi,aioredis,1,aio-libs,aioredis,10255895,0,1598,668,22,1404,124,0,0,2,0,1,1,3
13,alex/alchimia,31972,Pypi,alchimia,1,alex,alchimia,5236110,0,1859,97,5,108,11,1,0,537,0,0,0,2
14,zzzeek/alembic,31978,Pypi,alembic,19,zzzeek,alembic,3834946,2,1966,368,58,731,0,0,0,0,0,0,10,5
16,algolia/algoliasearch-client-python,31995,Pypi,algoliasearch,1,algolia,algoliasearch-client-python,3831991,0,1966,88,24,651,41,0,1,95,0,0,0,3
17,celery/py-amqp,32099,Pypi,amqp,6,celery,py-amqp,416519,3,2269,176,59,826,77,0,0,0,0,1,7,3
25,agronholm/apscheduler,32339,Pypi,APScheduler,9,agronholm,apscheduler,29243115,0,1041,1300,22,155,183,0,1,0,0,0,1,5
26,kislyuk/argcomplete,32410,Pypi,argcomplete,11,kislyuk,argcomplete,1495965,0,2150,601,17,399,97,0,0,0,0,0,0,2
27,neithere/argh,32415,Pypi,argh,5,neithere,argh,413538,0,1876,197,4,161,89,0,0,0,0,3,0,2
31,igordejanovic/Arpeggio,32472,Pypi,Arpeggio,1,igordejanovic,Arpeggio,1888625,0,2170,122,7,561,26,0,0,0,0,2,0,5
33,crsmithdev/arrow,32482,Pypi,arrow,26,crsmithdev,arrow,1500988,1,2151,4269,32,543,166,0,0,0,0,1,9,2
37,berkerpeksag/astor,32588,Pypi,astor,3,berkerpeksag,astor,6661616,0,1776,244,13,238,46,0,10,0,0,0,0,7
38,PyCQA/astroid,32596,Pypi,astroid,2,PyCQA,astroid,29684214,0,1036,170,44,1192,192,0,2,2,0,2,4,2
43,hhatto/autopep8,32796,Pypi,autopep8,1,hhatto,autopep8,88123,0,2841,1959,14,1863,246,0,0,0,0,0,0,2
47,litl/backoff,32948,Pypi,backoff,1,litl,backoff,9848720,0,1610,793,6,124,18,0,0,9,0,2,3,2
50,keis/base58,33050,Pypi,base58,6,keis,base58,3756849,0,1979,64,3,52,10,6,96,1,2,0,1,3
52,dcwatson/bbcode,33127,Pypi,bbcode,1,dcwatson,bbcode,59178,0,2289,42,4,86,21,0,0,0,3,38,3,1
53,coleifer/beefish,33208,Pypi,beefish,1,coleifer,beefish,766138,0,2220,41,2,30,2,0,150,1066,914,0,0,2
56,betamaxpy/betamax,33281,Pypi,betamax,2,betamaxpy,betamax,77437302,0,1911,56,2,23,13,0,148,109,0,2,305,3
57,sciunto-org/python-bibtexparser,33319,Pypi,bibtexparser,4,sciunto-org,python-bibtexparser,11661923,0,2103,165,11,131,64,0,85,2,0,0,0,2
58,jab/bidict,33327,Pypi,bidict,2,jab,bidict,11843204,0,1477,273,5,1055,24,0,6,3,0,0,3,15
64,etalab/biryani,33428,Pypi,Biryani,3,etalab,biryani,5821021,1,1870,5,7,80,0,10,0,39,0,2,1,3
70,mozilla/bleach,33527,Pypi,bleach,4,mozilla,bleach,27554702,0,3154,677,7,140,122,0,0,0,0,0,25,4
71,jquast/blessed,33531,Pypi,blessed,4,jquast,blessed,8480840,1,1683,235,7,500,46,0,168,0,0,0,0,6
72,erikrose/blessings,33534,Pypi,blessings,10,erikrose,blessings,220778,1,2528,631,5,204,31,0,1,0,0,2,2,5
76,boto/boto3,33720,Pypi,boto3,31,boto,boto3,5995644,1,1467,3684,35,1322,1038,0,1,0,0,1,1,3
79,numberoverzero/bottom,33737,Pypi,bottom,1,numberoverzero,bottom,12594628,0,1459,70,2,243,23,0,0,600,0,2,0,4
82,py-bson/bson,33889,Pypi,bson,4,py-bson,bson,22526950,0,3016,172,3,95,25,0,0,0,0,1,406,3
83,AutomatedTester/Bugsy,33938,Pypi,bugsy,1,AutomatedTester,Bugsy,10275842,0,1592,12,6,138,20,7,0,132,0,0,0,1
93,PyYoshi/cChardet,34342,Pypi,cchardet,2,PyYoshi,cChardet,214057,0,2303,170,2,212,18,0,0,1016,0,0,0,2
97,pyeve/cerberus,34414,Pypi,Cerberus,2,pyeve,cerberus,59049954,1,2190,523,10,203,76,0,3,1,0,2,4,3
101,chardet/chardet,34498,Pypi,chardet,28,chardet,chardet,7012209,2,2266,870,15,547,49,0,1,0,0,0,0,15
105,ckan/ckanapi,34753,Pypi,ckanapi,1,ckan,ckanapi,7656526,0,2006,76,9,140,46,0,0,0,0,0,1,2
108,pallets/click,34842,Pypi,click,152,pallets,click,34234333,1,1629,3115,43,181,276,0,0,0,0,4,2,2
110,mapbox/cligj,34853,Pypi,cligj,1,mapbox,cligj,14460963,0,1385,16,3,55,9,235,44,235,448,170,4,4
116,python-cmd2/cmd2,35011,Pypi,cmd2,1,python-cmd2,cmd2,32017749,0,972,129,13,1696,203,7,66,78,0,0,0,2
118,opencobra/cobrapy,35076,Pypi,cobra,1,opencobra,cobrapy,1763841,0,2167,148,26,1774,276,7,418,12,5,1,2,4
120,codecov/codecov-python,35106,Pypi,codecov,5,codecov,codecov-python,11231356,2,1525,70,6,529,55,0,0,0,0,2,1,1
121,hjacobs/codevalidator,35138,Pypi,codevalidator,1,hjacobs,codevalidator,90947,0,2536,15,4,120,2,98,69,2,54,1,0,2
124,colab/colab,35178,Pypi,colab,1,colab,colab,12637709,0,1915,18,24,2415,19,40,0,172,130,0,2,2
125,stefanofontanelli/ColanderAlchemy,35181,Pypi,ColanderAlchemy,2,stefanofontanelli,ColanderAlchemy,64238,0,2390,60,7,144,24,0,0,0,3,0,0,3
126,tartley/colorama,35203,Pypi,colorama,52,tartley,colorama,9317016,1,1636,1279,12,147,72,0,0,0,0,1,0,3
127,Robpol86/colorclass,35206,Pypi,colorclass,2,Robpol86,colorclass,12056600,0,1501,45,1,627,11,26,1,1093,0,0,0,12
130,timofurrer/colorful,35214,Pypi,colorful,1,timofurrer,colorful,152935,0,2394,306,4,113,5,237,114,206,200,1,6,5
132,gtaylor/python-colormath,35222,Pypi,colormath,3,gtaylor,python-colormath,1372746,0,2983,223,6,94,53,0,0,20,0,0,0,13
136,rtfd/CommonMark-py,35294,Pypi,CommonMark,2,rtfd,CommonMark-py,29682030,0,1477,136,5,325,18,0,0,310,0,1,0,2
139,bw2/ConfigArgParse,35384,Pypi,ConfigArgParse,3,bw2,ConfigArgParse,11327610,0,1521,196,4,61,65,0,354,0,0,40,4,1
140,DiffSK/configobj,35400,Pypi,configobj,11,DiffSK,configobj,7394716,1,1729,161,14,189,68,0,0,0,0,3,0,2
142,audreyr/cookiecutter,35557,Pypi,cookiecutter,3,audreyr,cookiecutter,4483080,0,1913,6984,64,1836,351,0,0,0,0,3,5,3
144,Cornices/cornice,35594,Pypi,cornice,3,Cornices,cornice,45686321,1,2554,66,7,218,72,0,7,1,1,1,252,4
146,djc/couchdb-python,35631,Pypi,CouchDB,2,djc,couchdb-python,10798315,0,1550,183,38,574,36,0,0,0,1,0,1,3
148,coveralls-clients/coveralls-python,35656,Pypi,coveralls,1,coveralls-clients,coveralls-python,57069918,0,2071,85,10,170,36,0,16,0,0,6,10,5
152,kiorky/croniter,35772,Pypi,croniter,3,kiorky,croniter,1005611,0,2205,99,5,145,0,0,0,0,1,1,1,3
153,chrissimpkins/crypto,35831,Pypi,crypto,1,chrissimpkins,crypto,13456994,0,1431,18,2,219,5,39,0,214,81,0,0,1
157,scrapy/cssselect,35890,Pypi,cssselect,8,scrapy,cssselect,39055203,0,2372,59,5,32,10,0,0,0,0,0,0,2
158,thomasballinger/curtsies,36013,Pypi,curtsies,1,thomasballinger,curtsies,7083573,1,1751,130,9,395,48,0,0,0,2,0,0,2
163,jnrbsn/daemonocle,36138,Pypi,daemonocle,1,jnrbsn,daemonocle,9825101,0,1623,81,1,104,5,0,0,715,0,0,3,3
164,frictionlessdata/datapackage-py,36244,Pypi,datapackage,2,frictionlessdata,datapackage-py,33438107,0,1086,84,14,312,92,0,36,0,4,0,4,3
165,pudo/dataset,36263,Pypi,dataset,1,pudo,dataset,3224816,0,2017,2169,10,286,167,0,0,0,0,1,1,1
167,scrapinghub/dateparser,36294,Pypi,dateparser,2,scrapinghub,dateparser,13474026,0,1415,1002,45,947,127,0,1,0,0,2,4,5
173,dedupeio/dedupe,36471,Pypi,dedupe,1,dedupeio,dedupe,62571920,0,2363,681,3,304,79,0,172,328,0,0,1,1
174,tiran/defusedxml,36507,Pypi,defusedxml,4,tiran,defusedxml,32148245,1,969,70,5,103,4,0,0,0,0,0,0,2
181,rvanlaar/djangorecipe,36940,Pypi,djangorecipe,1,rvanlaar,djangorecipe,40537,0,2479,52,2,199,25,0,44,1191,0,0,257,3
182,encode/django-rest-framework,36943,Pypi,djangorestframework,30,encode,django-rest-framework,61168739,2,2778,3931,116,693,575,0,0,0,0,1,2,2
186,d11wtq/dockerpty,37145,Pypi,dockerpty,3,d11wtq,dockerpty,10432987,1,1571,102,9,250,14,0,42,44,0,0,1,3
190,akesterson/dpath-python,37336,Pypi,dpath,2,akesterson,dpath-python,3616646,0,1982,242,4,91,26,0,0,18,0,4,10,5
193,timofurrer/w1thermsensor,37436,Pypi,ds18b20,1,timofurrer,w1thermsensor,12755185,0,1636,335,4,168,21,0,226,0,0,0,1,4
194,Jaymon/dsnparse,44111,Pypi,dsnparse,2,Jaymon,dsnparse,5688473,0,1855,4,1,17,1,0,0,1557,5,10,173,1
195,scraperwiki/dumptruck,44216,Pypi,dumptruck,1,scraperwiki,dumptruck,280332,0,2430,32,10,89,9,0,0,28,0,0,5,1
200,robertlugg/easygui,44421,Pypi,easygui,2,robertlugg,easygui,13392018,0,1426,214,5,198,56,0,0,370,0,0,2,2
203,warner/python-ecdsa,44502,Pypi,ecdsa,11,warner,python-ecdsa,507361,1,3096,363,10,91,26,0,4,0,0,21,2,1
206,elastic/elasticsearch-py,44680,Pypi,elasticsearch,10,elastic,elasticsearch-py,17324541,0,1988,1420,56,424,420,0,1,0,0,2,2,3
208,carpedm20/emoji,44810,Pypi,emoji,1,carpedm20,emoji,11458281,0,1514,553,5,69,25,0,0,0,0,24,0,2
212,santoshphilip/eppy,45064,Pypi,eppy,1,santoshphilip,eppy,4449031,0,2203,56,12,1168,136,0,70,25,57,16,0,4
213,twisted/epsilon,45070,Pypi,Epsilon,1,twisted,epsilon,10440749,0,1576,2,6,194,13,987,0,498,0,0,0,2
215,samuel/python-erlastic,45120,Pypi,erlastic,1,samuel,python-erlastic,1126474,0,3275,26,3,23,1,0,0,73,0,0,0,1
222,silx-kit/fabio,45748,Pypi,fabio,1,silx-kit,fabio,40917106,0,2049,11,9,194,55,0,0,320,5,2,0,2
224,jart/fabulous,45832,Pypi,fabulous,2,jart,fabulous,917131,1,2209,239,5,153,7,0,0,0,0,2,288,2
234,benediktschmitt/py-filelock,46468,Pypi,filelock,2,benediktschmitt,py-filelock,9076775,0,1691,92,2,70,21,0,0,720,0,6,2,2
236,pallets/flask,46757,Pypi,Flask,114,pallets,flask,34229160,2,3109,20754,133,718,684,0,0,0,0,0,0,3
240,fonttools/fonttools,47070,Pypi,FontTools,2,fonttools,fonttools,46689791,0,1904,786,24,1890,307,4,90,150,1,0,0,4
242,slezica/python-frozendict,47448,Pypi,frozendict,3,slezica,python-frozendict,2253215,1,2129,54,1,16,2,0,14,1399,10,52,0,6
243,PyFilesystem/pyfilesystem2,47455,Pypi,fs,4,PyFilesystem,pyfilesystem2,48369357,0,726,650,15,578,112,0,11,0,8,2,4,3
244,codebynumbers/ftpretty,47524,Pypi,ftpretty,1,codebynumbers,ftpretty,7930015,0,1707,14,3,113,11,0,0,0,87,0,0,1
245,vlasovskikh/funcparserlib,47602,Pypi,funcparserlib,3,vlasovskikh,funcparserlib,892310,1,2428,204,4,102,6,0,0,0,0,0,0,1
247,Suor/funcy,47623,Pypi,funcy,4,Suor,funcy,1422277,0,2189,1269,4,702,42,0,18,0,0,2,1,6
250,agronholm/pythonfutures,47691,Pypi,futures,21,agronholm,pythonfutures,17583288,2,1307,184,14,124,43,0,0,0,0,0,1,4
251,seatgeek/fuzzywuzzy,47719,Pypi,fuzzywuzzy,8,seatgeek,fuzzywuzzy,30222,1,2651,3813,16,163,74,0,0,0,0,0,0,3
253,heitzmann/gdspy,48095,Pypi,gdspy,1,heitzmann,gdspy,21748010,0,1202,66,5,246,44,4,44,0,3,1,1,2
255,DenisCarriere/geocoder,48343,Pypi,geocoder,1,DenisCarriere,geocoder,7375641,0,1731,937,22,1104,200,0,193,0,0,1,0,2
260,michaelliao/githubpy,48909,Pypi,githubpy,1,michaelliao,githubpy,1345257,0,2187,143,2,28,17,1,0,384,2,1,1,3
264,isislovecruft/python-gnupg,49281,Pypi,gnupg,1,isislovecruft,python-gnupg,2975252,0,2065,359,13,714,85,0,4,0,0,198,20,2
265,getslash/gossip,49548,Pypi,gossip,2,getslash,gossip,33178424,0,1639,11,2,67,8,611,272,728,473,0,70,1
266,SheffieldML/GPy,49660,Pypi,GPy,1,SheffieldML,GPy,1587865,0,2142,822,61,4950,407,0,0,45,0,1,1,2
269,xflr6/graphviz,49801,Pypi,graphviz,8,xflr6,graphviz,7392441,0,1732,369,2,269,38,0,0,817,0,1,5,6
272,kennethreitz/grequests,49914,Pypi,grequests,6,kennethreitz,grequests,23392,0,2344,2444,7,30,72,0,0,0,0,58,94,2
273,burnash/gspread,50118,Pypi,gspread,3,burnash,gspread,149843,0,2504,3173,12,414,336,0,0,0,0,3,12,3
274,pndurette/gTTS,50173,Pypi,gTTS,1,pndurette,gTTS,9866622,0,1609,745,5,302,74,0,0,0,0,0,2,1
280,heroku/heroku.py,50847,Pypi,heroku,1,heroku,heroku.py,11886,0,2485,93,7,90,7,0,0,0,0,16,0,1
282,apmorton/pyhidapi,50996,Pypi,hid,1,apmorton,pyhidapi,10929416,0,1942,7,3,10,4,0,0,0,0,0,0,1
284,zerwes/hiyapyco,51105,Pypi,HiYaPyCo,1,zerwes,hiyapyco,13646634,0,1429,24,4,173,16,0,0,146,0,0,2,2
285,ryanss/python-holidays,51220,Pypi,holidays,1,ryanss,python-holidays,51043957,0,1508,48,5,28,14,0,11,0,0,107,62,3
286,ikalnytskyi/holocron,51230,Pypi,holocron,1,ikalnytskyi,holocron,50398351,0,1607,4,3,143,5,130,121,22,17,1,62,3
288,Alir3z4/html2text,51524,Pypi,html2text,6,Alir3z4,html2text,8049900,1,1694,565,11,289,94,0,0,0,0,1,1,2
290,patrys/httmock,51637,Pypi,httmock,2,patrys,httmock,3176930,0,2031,326,3,50,12,0,0,0,0,6,0,1
291,jcgregorio/httplib2,51703,Pypi,httplib2,40,jcgregorio,httplib2,4261915,1,2052,438,7,53,279,0,0,0,0,0,0,7
296,hyperopt/hyperopt,51934,Pypi,hyperopt,1,hyperopt,hyperopt,5817344,0,2591,2134,11,251,65,0,0,0,0,2,0,4
297,HypothesisWorks/hypothesis-python,51951,Pypi,hypothesis,2,HypothesisWorks,hypothesis-python,35259476,0,2040,1497,27,4354,270,0,5,0,0,1,2,5
298,collective/i18ndude,51959,Pypi,i18ndude,1,collective,i18ndude,1025412,0,2200,2,19,378,26,0,0,0,2,0,5,2
299,collective/icalendar,52030,Pypi,icalendar,4,collective,icalendar,160896,0,2611,417,32,437,130,0,2,6,0,2,5,3
301,isagalaev/ijson,52192,Pypi,ijson,3,isagalaev,ijson,137560,1,2683,487,4,163,39,0,1,52,0,0,1,7
302,amitu/importd,52392,Pypi,importd,1,amitu,importd,63031,0,2259,375,7,197,32,0,0,6,2,0,2,3
305,influxdata/influxdb-python,52494,Pypi,influxdb,5,influxdata,influxdb-python,30685839,1,1800,620,36,169,169,0,0,0,0,6,0,4
308,alecthomas/injector,52573,Pypi,injector,1,alecthomas,injector,67433,0,2876,282,10,309,41,0,1792,4,0,0,1,3
310,kvesteri/intervals,52747,Pypi,intervals,1,kvesteri,intervals,7293941,0,1738,57,5,164,17,1,0,0,0,1,2,2
311,chaimleib/intervaltree,52748,Pypi,intervaltree,2,chaimleib,intervaltree,13506306,0,1659,196,4,310,30,0,0,0,0,179,2,3
313,phihag/ipaddress,52849,Pypi,ipaddress,8,phihag,ipaddress,2477212,1,2075,60,2,98,27,0,0,976,0,1,0,1
314,gotcha/ipdb,52860,Pypi,ipdb,2,gotcha,ipdb,114584,0,2825,677,7,123,70,0,0,0,0,8,5,2
317,autocracy/python-ipy,52932,Pypi,IPy,4,autocracy,python-ipy,3142551,0,2910,195,5,17,9,0,10,0,0,20,38,5
319,jaraco/irc,52962,Pypi,irc,5,jaraco,irc,484627,1,1055,185,14,530,178,0,1,0,0,0,0,6
323,timothycrosley/isort,53102,Pypi,isort,1,timothycrosley,isort,5221787,0,1864,1316,11,1229,275,0,0,0,0,0,0,1
324,mrocklin/itertoolz,53154,Pypi,itertoolz,1,mrocklin,itertoolz,3825448,1,1966,9,2,38,0,15,0,58,8,0,0,4
325,pallets/itsdangerous,53167,Pypi,itsdangerous,9,pallets,itsdangerous,34173613,1,2666,700,16,37,44,0,0,0,0,0,529,2
328,jamesturk/jellyfish,53484,Pypi,jellyfish,1,jamesturk,jellyfish,20658199,0,3015,615,4,66,29,0,0,0,0,2,1,4
329,pycontribs/jenkinsapi,53488,Pypi,jenkinsapi,2,pycontribs,jenkinsapi,41913940,0,2470,228,30,274,111,0,4,0,0,1,0,5
331,pallets/jinja,53607,Pypi,Jinja2,140,pallets,jinja,34229237,3,2915,2484,39,362,241,0,0,0,0,1,1,2
332,pycontribs/jira,53641,Pypi,jira,2,pycontribs,jira,10520061,0,1565,648,69,1054,270,0,0,0,0,2,18,2
333,jmespath/jmespath.py,53694,Pypi,jmespath,8,jmespath,jmespath.py,15892839,2,2059,566,3,121,33,0,0,0,0,3,1,1
338,stefankoegl/python-json-pointer,53993,Pypi,jsonpointer,1,stefankoegl,python-json-pointer,729591,0,2628,60,4,109,13,0,2,2,1,9,1,4
341,bcb/jsonrpcclient,54038,Pypi,jsonrpcclient,1,bcb,jsonrpcclient,28243651,0,1074,21,2,1000,78,0,0,868,0,0,103,2
345,emre/kaptan,54355,Pypi,kaptan,1,emre,kaptan,3716112,0,1976,200,6,217,11,2,0,328,56,1,0,6
346,level12/keg,54443,Pypi,Keg,1,level12,keg,18017669,0,1293,8,7,318,25,485,0,28,452,0,0,1
347,jaraco/keyring,54495,Pypi,keyring,11,jaraco,keyring,1487268,1,1324,277,44,1151,482,0,0,0,0,1,0,1
348,twisted/klein,54680,Pypi,klein,2,twisted,klein,39890,0,2434,565,19,678,39,0,28,64,16,4,24,4
352,Mimino666/langdetect,55104,Pypi,langdetect,1,Mimino666,langdetect,9842324,0,1612,484,4,48,17,0,0,0,0,0,0,7
1196,Azure/azure-sdk-for-python,829784,Pypi,azure-common,1,Azure,azure-sdk-for-python,8948476,0,2360,530,65,5130,559,0,0,0,0,1,1,2
358,mwilliamson/locket.py,56330,Pypi,locket,1,mwilliamson,locket.py,2478726,1,2101,9,3,41,3,5,3,0,0,4,6,4
366,pallets/markupsafe,57463,Pypi,MarkupSafe,14,pallets,markupsafe,34173982,1,3032,128,7,29,22,0,0,0,0,0,1,2
367,marshmallow-code/marshmallow,57492,Pypi,marshmallow,10,marshmallow-code,marshmallow,14570651,0,1795,2548,44,1054,434,0,0,0,0,1,1,3
369,ArduPilot/MAVProxy,57648,Pypi,MAVProxy,2,ArduPilot,MAVProxy,44045128,0,2353,73,28,358,49,104,6,94,2,2,11,2
370,PyCQA/mccabe,57688,Pypi,mccabe,2,PyCQA,mccabe,14779660,0,1373,134,2,36,11,0,0,428,0,0,0,4
374,ClearcodeHQ/mirakuru,58499,Pypi,mirakuru,2,ClearcodeHQ,mirakuru,10060126,0,1590,34,13,457,34,0,116,36,7,0,1,3
375,lepture/mistune,58551,Pypi,mistune,4,lepture,mistune,8089536,0,1695,1259,19,257,102,0,637,0,0,6,1,1
376,mixpanel/mixpanel-python,58590,Pypi,mixpanel,1,mixpanel,mixpanel-python,4178627,0,1940,59,19,168,21,0,0,0,0,0,1,2
377,trezor/python-mnemonic,58731,Pypi,mnemonic,1,trezor,python-mnemonic,5350198,0,2060,177,9,151,21,0,0,0,0,1,0,2
378,testing-cabal/mock,58784,Pypi,mock,59,testing-cabal,mock,19287084,1,1268,359,12,142,113,0,3,0,0,0,0,7
383,atdt/monotonic,59282,Pypi,monotonic,6,atdt,monotonic,13938817,2,1411,48,3,32,11,0,0,0,0,24,9,2
387,mongodb/motor,59454,Pypi,motor,3,mongodb,motor,2306023,0,2098,916,8,1454,3,0,0,0,0,0,0,2
388,Zulko/moviepy,59510,Pypi,moviepy,3,Zulko,moviepy,4998659,0,1885,5110,35,481,311,0,0,0,0,2,0,2
391,mrocklin/multipledispatch,59882,Pypi,multipledispatch,2,mrocklin,multipledispatch,8071233,0,1696,256,13,233,14,6,0,0,2,0,0,7
392,Infinidat/munch,59936,Pypi,munch,8,Infinidat,munch,7445548,1,2407,183,5,62,12,3,0,0,0,4,2,6
394,quodlibet/mutagen,60001,Pypi,mutagen,9,quodlibet,mutagen,34573615,1,916,348,12,1042,94,0,8,230,0,0,0,3
395,btongminh/mwclient,60032,Pypi,mwclient,1,btongminh,mwclient,2902827,0,2144,7,1,11,6,38,0,88,0,0,1,2
398,nameko/nameko,60384,Pypi,nameko,1,nameko,nameko,50428815,0,2052,1131,13,245,65,6,0,0,0,2,8,4
399,kimmobrunfeldt/nap,60443,Pypi,nap,1,kimmobrunfeldt,nap,6942701,0,1760,41,3,205,5,0,0,0,108,0,0,4
400,SethMMorton/natsort,60477,Pypi,natsort,4,SethMMorton,natsort,121954,0,2351,229,4,515,46,0,4,10,1,0,9,6
355,cannatag/ldap3,55302,Pypi,ldap3,3,cannatag,ldap3,14529622,0,1383,377,13,1170,326,0,0,0,0,0,0,4
406,Unidata/netcdf4-python,60930,Pypi,netCDF4,3,Unidata,netcdf4-python,8220961,0,1731,277,19,1570,642,0,2,1,1,1,1,2
407,al45tair/netifaces,60960,Pypi,netifaces,8,al45tair,netifaces,68983057,1,460,38,1,12,7,0,0,341,0,58,62,1
413,pydata/numexpr,61787,Pypi,numexpr,11,pydata,numexpr,7557655,0,1775,840,8,305,124,0,0,0,0,1,2,2
414,disqus/nydus,61872,Pypi,nydus,1,disqus,nydus,169909,0,2679,267,8,94,28,0,2,3,13,0,0,5
415,joestump/python-oauth2,61917,Pypi,oauth2,8,joestump,python-oauth2,518560,0,3276,732,7,75,51,0,0,4,0,12,839,3
416,google/oauth2client,61921,Pypi,oauth2client,21,google,oauth2client,6364728,1,1798,729,59,1299,299,0,6,7,0,0,1,6
419,python-odin/odin,62117,Pypi,odin,1,python-odin,odin,26049898,0,1877,5,2,417,5,236,28,464,670,0,0,6
422,piranha/opster,62717,Pypi,opster,1,piranha,opster,241085,0,2612,37,3,156,1,0,0,262,1066,1,5,1
424,biosustain/optlang,62743,Pypi,optlang,1,biosustain,optlang,7821657,0,1784,65,23,1015,46,154,0,7,10,1,0,4
426,pypa/packaging,63206,Pypi,packaging,2,pypa,packaging,10422946,0,1609,80,13,169,28,0,0,0,0,0,0,3
427,pandas-dev/pandas,63355,Pypi,pandas,85,pandas-dev,pandas,48212908,2,2970,8781,785,7753,3381,0,2,0,0,1,1,6
432,r1chardj0n3s/parse,63530,Pypi,parse,4,r1chardj0n3s,parse,213511,1,2519,530,4,87,28,0,2,980,0,1,4,2
433,bear/parsedatetime,63537,Pypi,parsedatetime,3,bear,parsedatetime,787503,0,2219,425,14,238,77,0,0,0,0,0,0,1
434,erikrose/parsimonious,63580,Pypi,parsimonious,3,erikrose,parsimonious,51128,0,2441,778,11,178,52,0,0,0,0,4,5,3
436,cpburnz/python-path-specification,63751,Pypi,pathspec,2,cpburnz,python-path-specification,6795868,1,1782,35,3,85,8,0,0,0,0,3,0,1
437,gorakhargosh/pathtools,63760,Pypi,pathtools,2,gorakhargosh,pathtools,1848923,0,2842,30,2,3,0,0,155,0,0,80,0,3
439,pydata/patsy,63781,Pypi,patsy,1,pydata,patsy,142298,0,2283,463,5,342,47,0,1,33,0,0,6,8
442,pecan/pecan,64072,Pypi,pecan,1,pecan,pecan,1077170,0,1171,76,8,357,29,210,154,152,3,0,0,2
445,hynek/pem,64135,Pypi,pem,1,hynek,pem,4612337,0,1911,85,5,182,10,0,6,13,1,3,2,9
446,PyCQA/pydocstyle,64176,Pypi,pep257,2,PyCQA,pydocstyle,31548293,0,2444,326,16,127,53,0,1,0,0,3,0,4
448,pantsbuild/pex,64390,Pypi,pex,1,pantsbuild,pex,11029116,1,1542,1096,61,568,234,0,2,0,0,0,1,4
449,mfenniak/pg8000,64413,Pypi,pg8000,1,mfenniak,pg8000,384863,0,3289,158,15,201,103,0,0,0,0,20,0,1
456,soft-matter/pims,64845,Pypi,PIMS,1,soft-matter,pims,6368413,0,1794,82,11,437,86,0,30,0,0,0,4,4
464,WoLpH/portalocker,65777,Pypi,portalocker,1,WoLpH,portalocker,1396759,0,2786,63,2,117,26,0,0,1318,0,0,1,2
472,verigak/progress,66292,Pypi,progress,3,verigak,progress,545676,0,2366,448,1,38,17,0,0,2274,1,34,68,5
798,MobileChromeApps/mobile-chrome-apps,134603,NPM,cca,8,MobileChromeApps,mobile-chrome-apps,3710497,2,1976,1329,26,1667,376,0,47,20,0,0,0,2
475,syrusakbary/promise,66342,Pypi,promise,1,syrusakbary,promise,37226322,1,890,148,4,188,19,0,0,0,0,1,0,1
476,giampaolo/psutil,66588,Pypi,psutil,34,giampaolo,psutil,9697927,3,1601,3954,54,4878,2412,0,0,0,0,0,2,5
477,pexpect/ptyprocess,66676,Pypi,ptyprocess,1,pexpect,ptyprocess,12456947,0,1469,76,3,113,15,0,0,296,1,2,0,2
480,pusher/pusher-http-python,66851,Pypi,pusher,1,pusher,pusher-http-python,17838468,0,3087,146,12,226,37,0,0,8,0,0,1,1
485,etingof/pyasn1,67282,Pypi,pyasn1,18,etingof,pyasn1,32664829,1,959,86,6,904,47,0,0,138,0,0,1,5
491,balloob/pychromecast,67858,Pypi,PyChromecast,2,balloob,pychromecast,5806747,0,1834,1344,28,296,90,0,0,6,0,1,1,3
494,richardkiss/pycoin,67955,Pypi,pycoin,2,richardkiss,pycoin,4235272,0,1934,878,22,1354,125,0,0,0,0,2,4,1
495,AndreaCensi/contracts,68037,Pypi,PyContracts,1,AndreaCensi,contracts,343013,0,2862,257,7,456,19,0,2,0,0,0,1,3
496,eliben/pycparser,68101,Pypi,pycparser,5,eliben,pycparser,4020990,1,1949,1372,34,262,153,0,0,0,0,2,1,5
497,dgilland/pydash,68255,Pypi,pydash,1,dgilland,pydash,3709230,0,1975,380,12,944,62,2,4,3,1,1,1,5
498,LEW21/pydbus,68304,Pypi,pydbus,1,LEW21,pydbus,11784890,0,1501,183,2,236,37,0,4,672,0,13,0,17
501,pydicom/pydicom,68400,Pypi,pydicom,1,pydicom,pydicom,66016134,0,1805,231,20,459,211,0,47,0,2,1,0,5
502,Azure/azure-documentdb-python,68491,Pypi,pydocumentdb,1,Azure,azure-documentdb-python,11569625,0,1525,68,14,132,27,0,0,3,0,0,0,4
506,jfhbrook/pyee,68649,Pypi,pyee,1,jfhbrook,pyee,21588474,0,2643,77,2,185,13,3,1,452,1,0,0,4
508,pyelasticsearch/pyelasticsearch,68661,Pypi,pyelasticsearch,3,pyelasticsearch,pyelasticsearch,14236246,0,3150,135,2,64,28,0,0,706,0,1,4,10
510,hammerlab/pyensembl,68701,Pypi,pyensembl,4,hammerlab,pyensembl,12662966,1,1640,131,11,601,65,0,531,2,0,0,0,6
516,PyCQA/pyflakes,68928,Pypi,pyflakes,6,PyCQA,pyflakes,39915706,0,1647,311,23,86,41,0,1,0,0,3,0,3
518,giampaolo/pyftpdlib,69033,Pypi,pyftpdlib,1,giampaolo,pyftpdlib,9840142,0,1596,788,11,1265,415,0,5,0,0,0,0,6
523,dropbox/PyHive,69559,Pypi,PyHive,1,dropbox,PyHive,8418017,0,1712,753,29,234,91,0,13,0,0,3,1,4
524,chimpler/pyhocon,69581,Pypi,pyhocon,2,chimpler,pyhocon,13716316,0,1404,173,8,348,60,0,455,0,0,0,0,1
526,kurtbrose/pyjks,69858,Pypi,pyjks,1,kurtbrose,pyjks,45357723,0,1883,31,3,24,2,0,0,94,210,1,509,1
528,Parsely/pykafka,69913,Pypi,pykafka,2,Parsely,pykafka,15535242,0,2283,764,22,2440,440,0,2,8,1,1,1,4
530,Grokzen/pykwalify,69997,Pypi,pykwalify,2,Grokzen,pykwalify,2303932,0,2092,177,16,552,71,0,0,0,0,14,12,2
531,pylast/pylast,70028,Pypi,pylast,1,pylast,pylast,11005725,0,2085,275,13,496,66,0,0,0,0,0,0,4
532,digitalbazaar/pyld,70053,Pypi,PyLD,2,digitalbazaar,pyld,271111,0,2648,255,17,384,29,0,12,0,0,2,0,2
535,PyCQA/pylint,70146,Pypi,pylint,4,PyCQA,pylint,29684133,0,1036,1516,226,3985,1573,0,1,0,0,2,2,4
537,ArduPilot/pymavlink,70339,Pypi,pymavlink,2,ArduPilot,pymavlink,45012185,0,767,49,39,280,28,0,0,0,0,2,3,3
539,pinterest/pymemcache,70400,Pypi,pymemcache,1,pinterest,pymemcache,1413968,0,2182,357,22,263,44,0,0,2,2,0,1,4
541,pylover/pymlconf,70470,Pypi,pymlconf,1,pylover,pymlconf,536182,0,2237,30,4,169,19,16,0,4,36,5,0,1
547,djmitche/pynsca,70866,Pypi,pynsca,1,djmitche,pynsca,501910,0,2700,13,3,31,4,0,420,19,0,0,1,2
549,mkleehammer/pyodbc,70929,Pypi,pyodbc,1,mkleehammer,pyodbc,151255,0,3659,1010,14,194,277,0,63,0,0,27,14,2
550,pyca/pyopenssl,71023,Pypi,pyOpenSSL,33,pyca,pyopenssl,7292050,0,1735,560,41,936,245,0,0,1,0,0,1,3
551,pytroll/pyorbital,71041,Pypi,pyorbital,1,pytroll,pyorbital,22034654,0,2586,29,7,81,10,0,4,4,5,13,0,14
553,kisom/pypcapfile,71187,Pypi,pypcapfile,1,kisom,pypcapfile,79166,0,2263,65,11,118,6,3,0,1,1,0,0,3
554,mstamy2/PyPDF2,71199,Pypi,PyPDF2,5,mstamy2,PyPDF2,3181429,1,2469,1726,24,258,100,0,0,0,0,14,0,1
555,asweigart/pyperclip,71255,Pypi,pyperclip,5,asweigart,pyperclip,1976070,0,2675,484,9,137,38,0,0,0,0,80,1,1
557,drj11/pypng,71411,Pypi,pypng,1,drj11,pypng,55580,0,2322,231,4,215,20,0,14,0,0,1,0,3
558,poppy-project/pypot,71449,Pypi,pypot,2,poppy-project,pypot,7681718,0,1715,174,22,1483,76,1,0,6,0,0,0,2
559,rasbt/pyprind,71502,Pypi,PyPrind,4,rasbt,pyprind,7627371,1,1719,474,4,156,18,0,0,0,0,0,0,1
567,pyserial/pyserial,72244,Pypi,pyserial,28,pyserial,pyserial,22050140,1,1165,1285,6,497,141,0,21,0,0,2,0,2
568,etingof/pysnmp,72461,Pypi,pysnmp,1,etingof,pysnmp,32664422,0,959,155,17,1842,84,0,1,0,0,1,0,6
569,Anorov/PySocks,72471,Pypi,PySocks,2,Anorov,PySocks,1065073,0,2423,634,4,130,52,0,2,38,0,2,2,3
572,dnephin/PyStaticConfiguration,72636,Pypi,PyStaticConfiguration,1,dnephin,PyStaticConfiguration,747648,0,2273,57,6,219,37,0,0,0,0,0,3,3
573,selectel/pyte,72797,Pypi,pyte,1,selectel,pyte,267717,0,2668,278,17,416,59,0,15,0,3,0,4,3
574,pytest-dev/pytest,72826,Pypi,pytest,63,pytest-dev,pytest,21322959,2,1213,2950,132,2297,1505,0,0,0,0,1,1,4
577,nficano/pytube,73150,Pypi,pytube,1,nficano,pytube,2750505,0,2397,1417,11,642,140,0,0,4,0,0,1,2
579,jtauber/pyuca,73202,Pypi,pyuca,1,jtauber,pyuca,517064,0,2302,123,4,137,5,0,0,48,0,2,0,3
582,SavinaRoja/PyUserInput,73293,Pypi,PyUserInput,2,SavinaRoja,PyUserInput,2377951,0,2079,773,6,209,26,0,4,24,0,0,2,2
587,ikreymer/pywb,73465,Pypi,pywb,1,ikreymer,pywb,6790685,0,1766,347,11,2104,161,123,0,61,1,0,0,1
588,yaml/pyyaml,73702,Pypi,PyYAML,311,yaml,pyyaml,520705,3,2533,518,18,180,59,0,0,2,0,4,0,2
598,RDFLib/rdfextras,74489,Pypi,rdfextras,1,RDFLib,rdfextras,211495,0,2441,22,7,313,54,8,0,8,0,0,0,1
600,pypa/readme_renderer,74560,Pypi,readme,1,pypa,readme_renderer,30505479,0,1686,51,12,55,30,0,1,0,1,0,80,3
605,requests/requests,75057,Pypi,requests,778,requests,requests,3002024,5,2042,9632,19,463,443,0,0,0,0,1,0,3
606,getsentry/responses,75137,Pypi,responses,3,getsentry,responses,16525929,0,1790,1123,14,193,37,0,0,0,0,0,0,2
607,rholder/retrying,75303,Pypi,retrying,8,rholder,retrying,2275166,1,2087,1177,5,62,9,0,0,0,0,270,0,2
611,paulgb/runipy,76121,Pypi,runipy,1,paulgb,runipy,5411179,0,1851,417,9,264,34,0,0,0,0,0,5,1
613,lepture/safe,76287,Pypi,Safe,1,lepture,safe,10952327,0,1541,55,1,26,0,0,0,548,7,0,0,1
617,ggtracker/sc2reader,76612,Pypi,sc2reader,1,ggtracker,sc2reader,352272,0,2276,33,4,226,12,29,0,1233,6,1,0,2
618,dbader/schedule,76693,Pypi,schedule,1,dbader,schedule,3784912,0,1970,4437,3,183,88,0,190,15,0,2,2,1
619,keleshev/schema,76696,Pypi,schema,3,keleshev,schema,12917414,0,2243,1545,21,129,31,0,0,0,0,0,2,3
623,jbardin/scp.py,76851,Pypi,scp,1,jbardin,scp.py,790061,0,2780,235,6,87,47,0,0,144,0,3,1,2
625,scrapy/scrapyd,76887,Pypi,scrapyd,1,scrapy,scrapyd,2548458,0,2077,1281,17,189,95,0,4,0,0,1,5,2
628,k-bx/python-semver,77323,Pypi,semver,3,k-bx,python-semver,210133,0,2437,118,11,166,44,0,49,0,0,0,0,3
631,KushalP/serfclient-py,77488,Pypi,serfclient,1,KushalP,serfclient-py,7878657,0,1705,19,5,192,9,0,3,2,3,3,0,3
632,chop-dbhi/serrano,77535,Pypi,serrano,1,chop-dbhi,serrano,14244313,0,2591,6,3,164,25,437,131,643,208,0,1,4
633,pypa/setuptools,77620,Pypi,setuptools,190,pypa,setuptools,31512535,5,986,631,68,1652,375,0,0,0,0,1,1,3
635,shadowsocks/shadowsocks,77759,Pypi,shadowsocks,1,shadowsocks,shadowsocks,14537323,0,2364,24045,32,249,599,0,0,0,0,16,0,9
644,os/slacker,78664,Pypi,slacker,3,os,slacker,8525126,0,1673,1373,12,264,46,0,0,0,0,8,1,2
648,spotify/snakebite,79029,Pypi,snakebite,1,spotify,snakebite,3609827,0,1982,658,15,376,69,0,0,0,0,0,2,2
650,kiorky/SOAPpy,79147,Pypi,SOAPpy,1,kiorky,SOAPpy,166884,0,2788,69,3,26,2,0,24,167,0,0,65,2
651,SoCo/SoCo,79180,Pypi,soco,1,SoCo,SoCo,3114066,0,2037,905,23,893,249,0,8,14,3,6,7,3
653,explosion/spaCy,79381,Pypi,spacy,1,explosion,spaCy,47458719,0,1560,8060,88,5370,1498,0,0,0,0,0,0,2
656,sphinx-doc/sphinx,79553,Pypi,Sphinx,33,sphinx-doc,sphinx,14670187,1,1377,2137,298,9011,2245,0,0,0,0,1,2,3
658,mwilliamson/spur.py,79815,Pypi,spur,1,mwilliamson,spur.py,2244470,0,2144,186,5,166,52,0,3,0,0,10,5,20
659,zzzeek/sqlalchemy,79878,Pypi,SQLAlchemy,102,zzzeek,sqlalchemy,3844721,2,1964,2726,239,5586,0,0,0,0,0,1,2,2
662,RaRe-Technologies/sqlitedict,79965,Pypi,sqlitedict,1,RaRe-Technologies,sqlitedict,39250726,1,2640,113,7,28,10,0,7,0,2,1,0,31
673,gabrielfalcao/sure,81192,Pypi,sure,1,gabrielfalcao,sure,74342,0,3048,390,14,416,60,0,0,0,0,0,45,1
676,dsoprea/PySvn,81309,Pypi,svn,1,dsoprea,PySvn,8941421,0,1654,116,13,181,37,0,1,0,0,0,2,4
679,biosustain/swiglpk,81394,Pypi,swiglpk,1,biosustain,swiglpk,11077452,1,1534,13,3,193,10,139,0,377,172,0,25,2
684,taskcluster/taskcluster-client.py,81813,Pypi,taskcluster,2,taskcluster,taskcluster-client.py,12600091,1,1462,12,13,366,14,3,340,3,72,1,4,4
685,ralphbean/taskw,81863,Pypi,taskw,1,ralphbean,taskw,136798,0,2492,105,7,255,36,0,94,0,0,1,1,2
686,ionelmc/python-tblib,81936,Pypi,tblib,1,ionelmc,python-tblib,7177800,0,1744,44,7,111,6,8,0,0,2,2,0,4
687,padelt/temper-python,82109,Pypi,temperusb,1,padelt,temper-python,2249782,0,2103,126,7,90,38,0,408,0,0,4,1,2
692,jupyter/terminado,82267,Pypi,terminado,1,jupyter,terminado,80988964,1,1472,47,3,10,3,0,0,1,0,2,0,3
693,Robpol86/terminaltables,82276,Pypi,terminaltables,4,Robpol86,terminaltables,11862325,0,1499,454,3,668,18,0,54,719,0,1,0,2
694,Simplistix/testfixtures,82366,Pypi,testfixtures,2,Simplistix,testfixtures,283720,0,2693,112,8,473,43,0,1,0,0,1,0,4
696,sloria/TextBlob,82483,Pypi,textblob,2,sloria,TextBlob,4300008,0,1928,3988,7,472,125,0,734,0,0,5,3,2
698,explosion/thinc,82735,Pypi,thinc,1,explosion,thinc,47453217,1,1455,673,5,1777,28,0,0,455,0,0,16,6
701,nvie/times,83021,Pypi,times,1,nvie,times,2783,0,2443,242,2,42,3,0,0,468,0,0,1,3
704,msiemens/tinydb,83106,Pypi,tinydb,5,msiemens,tinydb,4479974,0,1916,2240,21,406,130,0,390,0,0,1,2,2
707,john-kurkowski/tldextract,83227,Pypi,tldextract,3,john-kurkowski,tldextract,182313,0,2783,721,11,207,61,0,0,0,0,3,2,3
708,tony/tmuxp,83270,Pypi,tmuxp,1,tony,tmuxp,5356235,0,1870,1729,12,1924,92,0,0,0,0,0,0,2
709,uiri/toml,83384,Pypi,toml,6,uiri,toml,2799937,0,2054,317,27,330,107,0,0,0,0,5,3,2
710,pytoolz/toolz,83423,Pypi,toolz,6,pytoolz,toolz,5358698,0,1853,1815,22,458,96,0,0,0,5,1,2,4
714,tqdm/tqdm,83639,Pypi,tqdm,16,tqdm,tqdm,20830713,0,1225,7187,35,1514,282,0,10,0,0,3,1,3
715,Deepwalker/trafaret,83899,Pypi,trafaret,4,Deepwalker,trafaret,58338,0,2469,206,34,296,30,0,0,0,0,2,0,2
716,ipython/traitlets,83906,Pypi,traitlets,8,ipython,traitlets,6766371,2,1769,245,20,744,95,0,161,30,0,2,1,3
718,zopefoundation/transaction,83925,Pypi,transaction,12,zopefoundation,transaction,2854133,1,2105,20,15,239,18,0,1,9,4,0,1,6
721,twisted/treq,84104,Pypi,treq,2,twisted,treq,18372928,0,2336,280,20,242,38,0,14,46,0,2,70,3
722,pytroll/trollimage,84164,Pypi,trollimage,1,pytroll,trollimage,22362772,0,1778,2,6,146,3,0,8,46,460,1,70,4
729,pypa/twine,84645,Pypi,twine,2,pypa,twine,10800918,0,1884,665,22,270,153,0,0,0,0,0,1,3
730,twisted/twisted,84662,Pypi,Twisted,40,twisted,twisted,8871,1,2658,2761,104,11604,0,0,1,36,4,4,0,5
735,glyph/txsni,84951,Pypi,TxSNI,1,glyph,txsni,8976602,0,1654,21,3,26,5,18,180,0,0,1,1,1
737,regebro/tzlocal,85081,Pypi,tzlocal,5,regebro,tzlocal,776824,2,2220,69,4,133,21,0,0,191,0,0,1,2
740,mrocklin/unification,85394,Pypi,unification,1,mrocklin,unification,10598194,0,1560,30,1,32,0,0,0,641,0,0,0,7
743,upyun/python-sdk,85609,Pypi,upyun,1,upyun,python-sdk,3056769,0,2038,98,10,138,11,0,48,10,0,1,0,32
744,uri-templates/uritemplate-py,85657,Pypi,uritemplate,7,uri-templates,uritemplate-py,10681,1,2345,79,1,17,7,0,0,2123,204,0,0,1
745,jehiah/urlnorm,85704,Pypi,urlnorm,2,jehiah,urlnorm,428758,0,3009,43,5,18,3,0,21,0,0,0,0,2
749,Turbo87/utm,85892,Pypi,utm,1,Turbo87,utm,2400538,0,2111,83,2,80,13,0,0,1012,0,0,0,1
750,kvesteri/validators,86019,Pypi,validators,4,kvesteri,validators,5930004,0,1819,186,13,188,14,0,253,0,0,1,0,3
753,habnabit/vcversioner,86174,Pypi,vcversioner,1,habnabit,vcversioner,4507719,0,1922,32,2,50,3,0,8,189,9,0,0,5
759,eventable/vobject,86722,Pypi,vobject,3,eventable,vobject,30980431,1,999,104,6,193,55,0,0,47,0,3,7,2
762,Pylons/waitress,86976,Pypi,waitress,12,Pylons,waitress,117362,0,2489,408,17,364,82,0,61,0,0,0,0,4
765,aperezdc/hipack-python,87166,Pypi,wcfg,1,aperezdc,hipack-python,22441797,0,1450,1,2,39,4,66,0,140,132,0,0,3
766,jquast/wcwidth,87177,Pypi,wcwidth,3,jquast,wcwidth,9067275,1,1649,110,3,144,8,0,0,207,1,0,0,4
769,level12/webgrid,87337,Pypi,WebGrid,2,level12,webgrid,33089883,1,950,3,5,109,8,0,6,40,369,0,0,5
772,aaugustin/websockets,87475,Pypi,websockets,4,aaugustin,websockets,3281689,0,2020,1621,22,957,297,0,2,0,0,1,6,4
773,gi0baro/weppy,87620,Pypi,weppy,1,gi0baro,weppy,12804835,0,1451,628,6,1017,154,0,0,0,2,1,0,2
774,pallets/werkzeug,87626,Pypi,Werkzeug,30,pallets,werkzeug,34181933,1,2914,1932,92,534,183,0,0,0,0,2,34,3
775,pypa/wheel,87698,Pypi,wheel,22,pypa,wheel,70505245,1,442,91,10,123,103,0,4,0,0,31,3,2
776,goldsmith/Wikipedia,87880,Pypi,wikipedia,3,goldsmith,Wikipedia,5104078,0,1877,1044,8,151,45,0,0,2,0,0,0,1
777,GrahamDumpleton/wrapt,88197,Pypi,wrapt,4,GrahamDumpleton,wrapt,4953092,2,1960,897,5,400,55,0,0,0,0,20,6,1
778,carlsverre/wraptor,88199,Pypi,Wraptor,1,carlsverre,wraptor,4067546,0,1957,8,1,34,2,0,0,1798,84,1,6,2
781,jmcnamara/XlsxWriter,88623,Pypi,XlsxWriter,4,jmcnamara,XlsxWriter,2297387,1,2105,1505,9,790,432,0,544,0,0,0,0,3
782,martinblech/xmltodict,88701,Pypi,xmltodict,16,martinblech,xmltodict,41119,1,2367,2007,7,164,111,0,0,0,0,0,1,2
783,pydata/xarray,88766,Pypi,xray,1,pydata,xarray,30489744,0,1836,623,98,1184,630,0,18,2,3,2,0,5
786,yhat/yhat-client,89201,Pypi,yhat,1,yhat,yhat-client,2297658,0,2150,30,16,529,10,12,7,141,105,2,0,2
789,Kami/python-yubico-client,89321,Pypi,yubico,1,Kami,python-yubico-client,385611,0,3081,52,2,199,5,0,0,988,0,0,41,2
790,yahoo/Zake,89367,Pypi,zake,1,yahoo,Zake,7028796,0,1756,16,2,182,6,4,0,324,0,0,0,1
791,jstasiak/python-zeroconf,89484,Pypi,zeroconf,2,jstasiak,python-zeroconf,10659124,1,1557,196,16,194,47,0,24,0,0,42,11,2
792,0rpc/zerorpc-python,89496,Pypi,zerorpc,1,0rpc,zerorpc-python,20191692,0,2420,922,4,77,64,0,0,95,0,4,140,4
793,yograterol/zoort,89705,Pypi,zoort,1,yograterol,zoort,8009555,0,1699,0,2,69,4,12,3,68,6,0,2,4
408,disqus/nexus,61113,Pypi,nexus,1,disqus,nexus,39884,0,2784,153,14,44,1,0,0,0,0,1,0,2
1377,YPlan/nexus,1115191,Pypi,nexus-yplan,1,YPlan,nexus,8864009,0,1658,53,5,218,17,0,188,0,17,0,0,2
813,goodeggs/grunt-pagekite,154030,NPM,grunt-pagekite,2,goodeggs,grunt-pagekite,7025306,0,1757,2,2,13,0,64,0,127,86,5,64,1
65,vbuterin/pybitcointools,33445,Pypi,bitcoin,1,vbuterin,pybitcointools,4984561,0,1887,1076,13,219,52,0,0,0,0,0,0,1
821,Flolagale/mailin,168295,NPM,mailin,17,Flolagale,mailin,8711119,2,1665,1850,6,178,49,0,0,0,0,0,1,4
826,mobify/mobify-code-style,171058,NPM,mobify-code-style,23,mobify,mobify-code-style,9550635,2,1625,104,34,821,18,12,1,74,100,0,1,5
860,mozilla/marketplace-constants,294458,NPM,marketplace-constants,1,mozilla,marketplace-constants,11826764,0,1630,3,8,115,1,92,32,179,135,6,0,3
865,nodejs/node-gyp,297761,NPM,node-gyp,672,nodejs,node-gyp,22184029,29,2441,3175,56,192,746,0,1,0,0,17,2,4
869,rvagg/pangyp,300236,NPM,pangyp,25,rvagg,pangyp,15157734,9,1362,43,3,33,2,5,0,1,1,0,11,1
882,novnc/websockify,330591,NPM,websockify,2,novnc,websockify,52652196,0,2828,592,3,37,65,0,0,6,0,6,51,6
888,hammerlab/varcode,334765,Pypi,varcode,4,hammerlab,varcode,13508511,1,1426,36,11,622,79,274,526,230,143,1,1,4
899,ActivisionGameScience/assertpy,428375,Pypi,assertpy,1,ActivisionGameScience,assertpy,14088830,0,1395,130,1,220,62,0,0,1253,0,2,3,2
900,TestInABox/stackInABox,428730,Pypi,stackinabox,1,TestInABox,stackInABox,36448261,0,1349,2,1,34,9,1054,0,710,896,0,0,2
903,SparkPost/python-sparkpost,432165,Pypi,sparkpost,1,SparkPost,python-sparkpost,16097935,0,1349,76,21,307,71,0,3,0,0,1,1,3
907,petrjasek/eve-elastic,432624,Pypi,Eve-Elastic,1,petrjasek,eve-elastic,6481508,0,1787,68,3,205,13,1,223,280,0,0,1,2
909,fedora-infra/fedmsg_meta_fedora_infrastructure,432896,Pypi,fedmsg_meta_fedora_infrastructure,1,fedora-infra,fedmsg_meta_fedora_infrastructure,2462453,0,2143,11,25,1544,82,0,0,11,6,2,0,3
911,yahoo/redislite,432964,Pypi,redislite,1,yahoo,redislite,17017296,0,1317,422,8,250,25,0,0,0,0,0,0,2
912,rtfd/recommonmark,433166,Pypi,recommonmark,1,rtfd,recommonmark,22079584,0,1170,188,6,84,15,0,0,13,0,17,0,2
913,python-openxml/python-docx,433443,Pypi,python-docx,1,python-openxml,python-docx,5995748,0,1821,1289,21,1077,217,0,24,1,0,0,0,4
915,respondcreate/django-versatileimagefield,433753,Pypi,django-versatileimagefield,1,respondcreate,django-versatileimagefield,37197040,0,1737,147,4,73,23,0,0,0,4,10,0,6
916,jazzband/django-axes,433766,Pypi,django-axes,1,jazzband,django-axes,42010582,0,807,227,12,201,92,0,0,0,0,1,1,8
917,workhorsy/py-cpuinfo,433987,Pypi,py-cpuinfo,1,workhorsy,py-cpuinfo,6263470,0,1701,80,4,461,58,0,0,321,1,0,2,9
918,pytest-dev/pytest-flask,434388,Pypi,pytest-flask,1,pytest-dev,pytest-flask,45756495,0,1498,112,4,28,5,0,28,101,0,0,0,2
919,mgedmin/check-manifest,434500,Pypi,check-manifest,1,mgedmin,check-manifest,2982314,0,2045,120,5,308,52,0,597,0,4,1,2,3
920,slackapi/python-slackclient,434862,Pypi,slackclient,1,slackapi,python-slackclient,49816094,0,1430,933,26,274,86,0,0,0,0,0,2,4
921,corydolphin/flask-cors,434894,Pypi,Flask-Cors,4,corydolphin,flask-cors,14826392,0,1900,363,10,170,62,0,0,0,0,0,0,4
923,paylogic/pip-accel,435085,Pypi,pip-accel,1,paylogic,pip-accel,3449665,0,2001,215,4,308,43,0,0,0,2,0,1,3
925,pydanny/cached-property,456041,Pypi,cached-property,7,pydanny,cached-property,9715622,0,1607,324,5,173,13,0,0,667,0,9,13,1
927,ProjetPP/PPP-libmodule-Python,569207,Pypi,ppp_libmodule,1,ProjetPP,PPP-libmodule-Python,13557214,0,1427,0,3,34,0,484,0,508,418,0,0,1
929,mapbox/snuggs,569298,Pypi,snuggs,1,mapbox,snuggs,16318702,0,1336,9,2,31,7,0,0,604,322,5,0,1
930,jazzband/django-pipeline,569525,Pypi,django-pipeline,2,jazzband,django-pipeline,30015601,0,2686,363,17,143,48,0,0,1,0,1,1,2
931,cablehead/python-consul,570199,Pypi,python-consul,1,cablehead,python-consul,12211410,0,1476,328,21,393,83,0,1,0,0,9,2,1
933,kvesteri/sqlalchemy-utils,571143,Pypi,SQLAlchemy-Utils,6,kvesteri,sqlalchemy-utils,2747637,0,2060,414,24,1095,103,0,0,0,0,1,0,2
935,docker/docker-py,605287,Pypi,docker-py,29,docker,docker-py,11013070,1,1966,3282,148,2526,712,0,0,0,0,1,4,3
936,certbot/certbot,605549,Pypi,acme,2,certbot,certbot,36507912,0,1428,9474,157,5882,1590,0,0,0,0,2,2,4
938,mmerickel/pyramid_services,605863,Pypi,pyramid_services,1,mmerickel,pyramid_services,16320871,0,1334,65,2,69,4,0,0,418,193,256,11,4
940,KristianOellegaard/django-hvad,606246,Pypi,django-hvad,5,KristianOellegaard,django-hvad,27427,0,2744,360,19,256,157,0,4,0,1,1,2,2
946,ramusus/django-oauth-tokens,651962,Pypi,django-oauth-tokens,2,ramusus,django-oauth-tokens,984601,1,2469,8,2,136,5,0,406,926,4,1,0,2
948,vintasoftware/tapioca-wrapper,652165,Pypi,tapioca-wrapper,1,vintasoftware,tapioca-wrapper,15706940,0,1350,257,12,341,39,0,18,0,0,0,0,3
951,skorokithakis/django-annoying,654327,Pypi,django-annoying,5,skorokithakis,django-annoying,2304687,1,2086,485,22,172,21,0,0,0,0,0,1,2
952,websocket-client/websocket-client,654433,Pypi,websocket-client,14,websocket-client,websocket-client,55178684,1,2843,789,3,99,44,0,0,0,0,62,0,1
953,noirbizarre/flask-restplus,655495,Pypi,flask-restplus,2,noirbizarre,flask-restplus,11389434,0,1518,1110,13,488,148,0,18,0,0,11,3,2
954,incuna/incuna-pigeon,655547,Pypi,incuna-pigeon,1,incuna,incuna-pigeon,16534273,0,1328,1,3,29,0,0,3,0,10,0,2,12
957,mikebryant/django-autoconfig,655827,Pypi,django-autoconfig,1,mikebryant,django-autoconfig,8121647,0,1695,7,7,116,15,0,140,0,18,0,0,1
958,devpi/devpi,656695,Pypi,devpi-client,1,devpi,devpi,61137203,0,558,150,7,192,69,1,131,11,0,3,2,2
966,hammerlab/typechecks,683912,Pypi,typechecks,1,hammerlab,typechecks,16833333,0,1322,0,1,6,0,0,0,7,0,0,0,2
967,swaroopch/edn_format,684181,Pypi,edn_format,1,swaroopch,edn_format,2244854,0,2118,49,2,92,19,0,51,876,2,0,3,3
968,ramusus/django-vkontakte-api,684507,Pypi,django-vkontakte-api,1,ramusus,django-vkontakte-api,2315014,0,2120,17,2,152,2,61,0,612,0,67,5,4
971,craigcitro/apitools,686832,Pypi,google-apitools,2,craigcitro,apitools,5985996,1,1818,7,2,189,3,58,14,835,0,0,1,2
972,spyder-ide/qtpy,686977,Pypi,QtPy,1,spyder-ide,qtpy,19550094,0,1257,190,7,205,56,2,5,83,0,0,0,3
973,gangverk/flask-swagger,687128,Pypi,flask-swagger,1,gangverk,flask-swagger,16914684,0,1319,298,2,65,16,0,0,314,0,0,0,2
977,telminov/sw-django-utils,694492,Pypi,sw-django-utils,1,telminov,sw-django-utils,16955117,0,1318,4,1,52,1,7,32,1121,44,0,0,4
978,hongtaocai/googlefinance,694593,Pypi,googlefinance,2,hongtaocai,googlefinance,16966049,1,1318,427,5,23,6,0,0,0,0,0,0,2
983,pavlov99/json-rpc,696007,Pypi,json-rpc,1,pavlov99,json-rpc,5553440,0,1836,207,12,442,30,0,576,0,0,1,3,4
986,TracyWebTech/django-revproxy,697600,Pypi,django-revproxy,1,TracyWebTech,django-revproxy,5012669,1,1882,96,12,394,18,0,0,3,0,2,2,3
988,twolfson/restructuredtext-lint,698262,Pypi,restructuredtext_lint,1,twolfson,restructuredtext-lint,6557719,0,1783,99,7,226,31,0,0,0,0,0,1,13
989,dateutil/dateutil,698604,Pypi,python-dateutil,143,dateutil,dateutil,13565785,5,1421,780,51,922,263,0,5,0,0,1,0,3
990,angular/clang-format,699167,NPM,clang-format,129,angular,clang-format,17580036,17,1303,60,6,166,40,0,39,0,0,1,1,10
991,blaze/odo,699999,Pypi,odo,1,blaze,odo,22170402,0,1401,628,26,391,42,0,26,2,0,1,1,4
992,jiffyclub/palettable,700349,Pypi,palettable,1,jiffyclub,palettable,16677306,0,2273,236,2,95,5,0,855,594,1,202,4,2
993,philpep/testinfra,700848,Pypi,testinfra,1,philpep,testinfra,17555997,0,1305,1114,54,732,131,0,0,0,0,0,1,2
994,GetBlimp/django-rest-framework-jwt,700892,Pypi,djangorestframework-jwt,3,GetBlimp,django-rest-framework-jwt,7439366,1,1728,2113,22,345,175,0,0,0,0,1,1,2
996,tjfontaine/linode-python,701176,Pypi,linode-python,1,tjfontaine,linode-python,11487,0,2988,127,6,34,9,0,0,0,0,2,9,2
1000,beck/sandbox,702822,NPM,beck-sandbox,1,beck,sandbox,3597688,0,2030,0,1,72,0,1229,0,1505,1120,0,0,2
1002,petertodd/python-bitcoinlib,703002,Pypi,python-bitcoinlib,3,petertodd,python-bitcoinlib,3165954,0,2036,939,15,392,50,0,0,1,0,8,6,2
1003,tabatkins/railroad-diagrams,703082,NPM,railroad-diagrams,10,tabatkins,railroad-diagrams,756159,3,2222,685,3,129,22,0,0,6,0,0,0,1
1004,jazzband/django-debug-toolbar,703241,Pypi,django-debug-toolbar,5,jazzband,django-debug-toolbar,42087658,0,3695,1396,18,120,73,0,0,0,0,2,1,2
1011,DataDog/datadogpy,705033,Pypi,datadog,1,DataDog,datadogpy,15632463,0,1352,216,38,484,62,0,0,0,0,1,1,3
1014,ella/django-appdata,711599,Pypi,django-appdata,1,ella,django-appdata,769225,0,2221,24,12,142,7,0,0,0,0,0,0,5
1019,django-parler/django-parler,712580,Pypi,django-parler,2,django-parler,django-parler,39597433,0,1857,128,4,57,38,0,0,48,0,5,0,19
1023,jschneier/django-storages,714049,Pypi,django-storages-redux,1,jschneier,django-storages,15673081,0,1402,934,68,364,145,0,0,0,0,2,1,2
1024,avakar/pytoml,714475,Pypi,pytoml,2,avakar,pytoml,17609860,0,1306,112,3,65,21,0,561,14,0,2,1,3
1025,pytest-dev/pytest-mock,714569,Pypi,pytest-mock,2,pytest-dev,pytest-mock,16905638,0,1547,295,7,140,36,0,1,0,0,0,0,3
1026,spyder-ide/qtawesome,714866,Pypi,QtAwesome,1,spyder-ide,qtawesome,17488894,0,1316,119,7,135,27,16,212,0,0,0,0,6
1028,fedora-infra/datanommer,715321,Pypi,datanommer.models,2,fedora-infra,datanommer,2343885,0,2288,9,10,226,19,0,3,56,0,1,1,2
1029,inveniosoftware/flask-breadcrumbs,715564,Pypi,Flask-Breadcrumbs,2,inveniosoftware,flask-breadcrumbs,6743551,0,1771,19,3,15,7,0,794,466,0,0,0,1
1030,dpgaspar/Flask-AppBuilder,715577,Pypi,Flask-AppBuilder,1,dpgaspar,Flask-AppBuilder,6329729,0,1796,1733,20,3023,417,0,0,0,0,2,0,2
1031,inveniosoftware/flask-menu,715587,Pypi,Flask-Menu,2,inveniosoftware,flask-menu,6743496,0,1771,26,7,30,22,0,0,1,1,1,0,2
1032,fooelisa/pyiosxr,715614,Pypi,pyIOSXR,1,fooelisa,pyiosxr,17743097,0,1309,53,5,184,10,31,113,1,37,0,11,2
1033,botify-labs/python-simple-workflow,715851,Pypi,simple-workflow,1,botify-labs,python-simple-workflow,3351155,0,2023,17,6,284,19,58,0,128,27,0,0,3
1034,pnpnpn/timeout-decorator,719337,Pypi,timeout-decorator,1,pnpnpn,timeout-decorator,4482732,0,2127,192,4,38,9,0,0,0,0,4,0,2
1037,pytest-dev/pytest-splinter,731911,Pypi,pytest-splinter,1,pytest-dev,pytest-splinter,12339204,0,1697,119,7,185,47,0,116,0,0,4,0,3
1038,zalando/python-clickclick,732590,Pypi,clickclick,3,zalando,python-clickclick,17697380,1,1301,27,6,64,4,0,694,2,0,0,18,2
1039,Kinto/kinto,732722,Pypi,kinto,1,Kinto,kinto,22100926,0,1323,3716,33,3875,508,0,6,3,0,0,1,3
1040,miguelgrinberg/Flask-Migrate,732956,Pypi,Flask-Migrate,4,miguelgrinberg,Flask-Migrate,5354863,0,1858,1034,12,123,116,0,0,0,0,0,0,2
1044,todddeluca/python-vagrant,733902,Pypi,python-vagrant,2,todddeluca,python-vagrant,723548,0,2316,189,6,91,22,0,0,0,0,1,2,2
1047,syrusakbary/validate_email,734867,Pypi,validate_email,3,syrusakbary,validate_email,717375,0,2377,335,6,25,8,0,0,0,0,0,0,2
1055,teddziuba/django-sslserver,738094,Pypi,django-sslserver,1,teddziuba,django-sslserver,2922392,0,2049,444,8,54,28,0,0,0,0,0,0,1
1056,jespino/sampledata,738192,Pypi,sampledata,1,jespino,sampledata,17989721,0,1294,2,3,29,0,1,1,0,315,0,0,2
1058,FactoryBoy/factory_boy,738368,Pypi,factory_boy,1,FactoryBoy,factory_boy,43463831,0,2709,595,32,154,81,0,0,0,0,1,0,2
1059,evonove/django-oauth-toolkit,738699,Pypi,django-oauth-toolkit,1,evonove,django-oauth-toolkit,3799981,0,1969,1177,62,845,278,0,0,0,0,1,6,2
1061,rtilder/pyjwt,738978,Pypi,PyJWT-mozilla,1,rtilder,pyjwt,10769,0,2261,7,4,25,0,0,0,63,0,1,2,8
1065,marshmallow-code/flask-marshmallow,740202,Pypi,flask-marshmallow,2,marshmallow-code,flask-marshmallow,14570567,0,1629,310,4,90,38,0,0,0,0,40,0,4
1066,moccu/django-anylink,740749,Pypi,django-anylink,1,moccu,django-anylink,10324050,0,1576,6,7,161,2,54,0,57,0,4,4,4
1068,romgar/django-dirtyfields,741722,Pypi,django-dirtyfields,1,romgar,django-dirtyfields,16649927,0,2953,147,6,202,25,0,0,0,7,4,0,2
1069,rbarrois/python-semanticversion,741829,Pypi,semantic_version,4,rbarrois,python-semanticversion,931394,1,2340,128,8,143,24,0,0,0,0,11,27,1
1072,deschler/django-modeltranslation,743976,Pypi,django-modeltranslation,1,deschler,django-modeltranslation,1349108,0,2185,563,16,494,175,0,0,0,0,0,0,2
1076,areski/python-nvd3,752531,Pypi,python-nvd3,1,areski,python-nvd3,3239977,0,2011,451,9,377,60,0,0,0,0,0,1,4
1078,zalando-stups/senza,753450,Pypi,stups-senza,1,zalando-stups,senza,18133490,0,1290,93,49,1089,196,0,0,0,16,0,1,2
1079,crossbario/txaio,753470,Pypi,txaio,3,crossbario,txaio,27401634,1,1303,27,3,85,34,0,0,861,2,0,0,6
1082,sailthru/sailthru-python-client,754462,Pypi,sailthru-client,1,sailthru,sailthru-python-client,31183,0,2801,30,17,126,30,0,1,0,0,2,0,2
1084,wagtail/django-modelcluster,755378,Pypi,django-modelcluster,1,wagtail,django-modelcluster,55639326,1,1714,71,6,31,15,0,25,0,0,0,0,4
1086,RaRe-Technologies/smart_open,755604,Pypi,smart_open,1,RaRe-Technologies,smart_open,39250668,0,1377,376,15,206,68,0,10,4,0,2,19,4
1089,un33k/python-slugify,757514,Pypi,python-slugify,5,un33k,python-slugify,1859038,0,2187,506,12,102,31,0,1,0,0,1,2,8
1090,jplana/python-etcd,757886,Pypi,python-etcd,1,jplana,python-etcd,5482590,0,1849,425,31,290,100,0,0,0,0,10,3,2
1091,PyCQA/flake8-import-order,757932,Pypi,flake8-import-order,1,PyCQA,flake8-import-order,39999402,0,1669,80,15,83,43,0,0,0,1,1,2,2
1096,cloudpipe/cloudpickle,758755,Pypi,cloudpickle,1,cloudpipe,cloudpickle,18732314,1,1276,379,21,206,51,0,1,0,2,0,0,2
1097,jaraco/path.py,759556,Pypi,path.py,13,jaraco,path.py,302862,0,2363,574,9,422,71,0,2,1,0,1,10,3
1098,myint/language-check,759609,Pypi,language-check,1,myint,language-check,7267514,0,1977,105,3,177,26,0,1,123,0,0,0,19
1099,facebookarchive/python-instagram,760665,Pypi,python-instagram,1,facebookarchive,python-instagram,33905657,0,2807,968,3,4,0,0,0,0,0,0,0,1
1101,jamesturk/django-secretballot,762572,Pypi,django-secretballot,1,jamesturk,django-secretballot,20514710,0,3555,87,3,44,15,17,0,1,0,2,234,2
1103,ui/django-rq,762943,Pypi,django-rq,2,ui,django-rq,253850,0,2339,630,16,256,123,0,0,0,0,6,1,3
1104,pnegahdar/inenv,763694,Pypi,inenv,1,pnegahdar,inenv,18837924,0,1274,22,7,130,9,10,0,32,630,0,0,1
1105,brack3t/django-braces,763833,Pypi,django-braces,2,brack3t,django-braces,26714,1,2413,1074,18,467,95,0,0,0,0,1,12,3
1107,django-statsd/django-statsd,764076,Pypi,django-statsd-mozilla,2,django-statsd,django-statsd,27783607,0,2502,61,8,43,17,0,0,0,0,5,4,3
1108,kennknowles/python-jsonpath-rw,764701,Pypi,jsonpath-rw,1,kennknowles,python-jsonpath-rw,2651133,0,2069,260,4,95,14,0,0,1,0,0,0,5
1111,pytest-dev/pytest-html,765836,Pypi,pytest-html,2,pytest-dev,pytest-html,39654010,0,1275,113,18,67,75,0,0,0,1,1,4,6
1112,fusionbox/django-argonauts,766163,Pypi,django-argonauts,1,fusionbox,django-argonauts,4800965,0,1895,37,7,112,5,384,168,0,79,0,0,1
1113,LuminosoInsight/ordered-set,767016,Pypi,ordered-set,2,LuminosoInsight,ordered-set,409595,0,2245,44,6,69,12,0,0,0,0,1,32,2
1116,mpdavis/python-jose,767375,Pypi,python-jose,1,mpdavis,python-jose,19107340,0,1269,450,11,342,28,0,0,0,0,3,0,2
1120,osantana/prettyconf,768221,Pypi,prettyconf,1,osantana,prettyconf,18272947,0,1288,143,4,88,5,112,0,116,38,1,0,1
1121,hammerlab/mhctools,768267,Pypi,mhctools,2,hammerlab,mhctools,16733503,0,1324,18,7,401,48,284,154,307,290,1,2,4
1122,django/django-contrib-comments,768666,Pypi,django-contrib-comments,1,django,django-contrib-comments,3052253,0,2039,301,17,121,46,0,0,0,0,0,0,3
1124,dsoprea/PyInotify,769120,Pypi,inotify,1,dsoprea,PyInotify,14616753,0,1595,97,5,68,23,0,378,1,0,4,0,2
1125,elastic/elasticsearch-dsl-py,769451,Pypi,elasticsearch-dsl,2,elastic,elasticsearch-dsl-py,17300797,0,1680,1712,62,641,688,0,0,0,0,2,2,2
1126,scrapinghub/python-crfsuite,769596,Pypi,python-crfsuite,2,scrapinghub,python-crfsuite,52704807,0,1641,288,2,31,22,0,36,294,0,2,6,3
1127,paylogic/alembic-offline,769754,Pypi,alembic-offline,1,paylogic,alembic-offline,19242082,0,1265,2,2,19,0,0,0,63,0,1,0,1
1129,torchbox/django-libsass,771244,Pypi,django-libsass,1,torchbox,django-libsass,8384740,1,1680,184,4,27,14,0,0,0,0,0,3,2
1130,Changaco/python-libarchive-c,771762,Pypi,libarchive-c,1,Changaco,python-libarchive-c,11318879,0,1523,30,6,220,22,0,0,6,0,1,1,11
1131,marshmallow-code/marshmallow-sqlalchemy,771821,Pypi,marshmallow-sqlalchemy,1,marshmallow-code,marshmallow-sqlalchemy,19301823,0,1263,190,11,186,44,0,0,0,2,2,1,2
1132,reclosedev/requests-cache,772104,Pypi,requests-cache,4,reclosedev,requests-cache,56840,0,2372,411,3,180,46,0,0,0,0,1,0,3
1133,Nexmo/nexmo-python,774032,Pypi,nexmo,1,Nexmo,nexmo-python,35623160,0,1259,57,6,173,22,0,60,162,0,25,65,5
1134,hammerlab/topiary,774275,Pypi,topiary,2,hammerlab,topiary,19265453,0,1290,13,5,189,22,108,519,352,155,0,1,4
1136,davidfischer/requirements-parser,777161,Pypi,requirements-parser,1,davidfischer,requirements-parser,3882386,0,2146,61,3,61,13,0,0,0,0,1,0,2
1138,requests/requests-oauthlib,778819,Pypi,requests-oauthlib,8,requests,requests-oauthlib,1804711,0,2147,799,21,270,111,0,0,0,0,1,1,2
1139,requests/requests-kerberos,778938,Pypi,requests-kerberos,1,requests,requests-kerberos,1451468,0,2155,128,13,84,46,0,2,0,0,1,5,3
1144,pytest-dev/pytest-xdist,780765,Pypi,pytest-xdist,3,pytest-dev,pytest-xdist,25023281,0,1135,223,17,389,124,0,0,0,0,1,1,2
1146,pytest-dev/pluggy,781522,Pypi,pluggy,1,pytest-dev,pluggy,45584953,0,1261,108,5,115,59,0,14,472,1,1,0,3
1150,simple-salesforce/simple-salesforce,785080,Pypi,simple-salesforce,1,simple-salesforce,simple-salesforce,37925907,0,2092,335,15,89,55,0,0,1,0,10,0,2
1152,zalando-stups/zign,787544,Pypi,stups-zign,1,zalando-stups,zign,19951565,0,1246,8,6,170,20,0,0,120,0,0,0,4
1154,pytest-dev/pytest-variables,787598,Pypi,pytest-variables,1,pytest-dev,pytest-variables,39654231,0,1246,22,5,28,2,0,80,0,1,1,5,4
1155,carltongibson/django-filter,787614,Pypi,django-filter,4,carltongibson,django-filter,11839345,0,1476,978,32,442,304,0,0,0,0,2,4,2
1157,ianunruh/hvac,791879,Pypi,hvac,3,ianunruh,hvac,20123989,0,1254,442,19,276,74,0,0,0,0,5,2,2
1158,OnroerendErfgoed/pyramid_urireferencer,792109,Pypi,pyramid_urireferencer,1,OnroerendErfgoed,pyramid_urireferencer,19969782,0,1246,0,5,121,15,494,0,610,642,29,8,2
1159,neithere/django-autoslug,792186,Pypi,django-autoslug,3,neithere,django-autoslug,3192804,0,1095,120,16,142,5,0,0,0,0,60,0,2
1160,zalando-stups/pierone-cli,792662,Pypi,stups-pierone,1,zalando-stups,pierone-cli,20168561,1,1241,10,14,138,25,0,378,0,3,0,1,2
1161,mozilla-services/pyramid_multiauth,793642,Pypi,pyramid_multiauth,1,mozilla-services,pyramid_multiauth,1034199,0,2546,32,4,69,4,79,0,588,15,4,1,2
1163,BD2KGenomics/bd2k-python-lib,796538,Pypi,bd2k-python-lib,1,BD2KGenomics,bd2k-python-lib,16218288,1,1337,4,5,105,3,0,246,2,22,0,0,4
1164,zopefoundation/zope.container,797229,Pypi,zope.container,2,zopefoundation,zope.container,2748586,1,2067,1,15,154,10,2,1616,4,0,0,2,3
1165,harlowja/fasteners,803296,Pypi,fasteners,4,harlowja,fasteners,20420124,1,1310,68,1,120,7,0,450,1096,1,0,0,1
1169,planetarypy/pvl,809350,Pypi,pvl,1,planetarypy,pvl,20676094,0,1229,8,3,22,13,59,689,682,0,2,0,10
1170,divio/django-filer,809422,Pypi,django-filer,4,divio,django-filer,29167633,0,3334,496,34,1135,118,0,80,0,0,0,0,2
1172,mps-youtube/pafy,811012,Pypi,pafy,1,mps-youtube,pafy,21523160,0,1934,535,5,149,56,0,70,0,0,1,2,4
1173,zopefoundation/zope.testing,811121,Pypi,zope.testing,2,zopefoundation,zope.testing,2850611,0,2102,2,21,203,2,1,0,8,4,1,0,3
1174,Yubico/python-u2flib-server,812189,Pypi,python-u2flib-server,1,Yubico,python-u2flib-server,8052918,0,1701,254,5,141,22,0,0,0,0,4,8,9
1175,zopefoundation/zope.security,812312,Pypi,zope.security,1,zopefoundation,zope.security,2797950,0,2102,3,9,254,20,0,143,262,64,0,0,5
1178,AndrewIngram/django-extra-views,814876,Pypi,django-extra-views,1,AndrewIngram,django-extra-views,51640,0,2704,610,16,173,71,0,0,0,0,0,2,1
1179,zopefoundation/zope.component,814923,Pypi,zope.component,10,zopefoundation,zope.component,2917758,1,2102,15,22,188,8,7,595,1,256,0,0,5
1180,django-guardian/django-guardian,815091,Pypi,django-guardian,3,django-guardian,django-guardian,22068178,0,3050,1071,39,314,161,0,0,0,0,3,1,2
1181,zopefoundation/zope.i18n,815956,Pypi,zope.i18n,2,zopefoundation,zope.i18n,2971795,1,2067,1,22,195,7,0,615,30,164,0,1,5
1182,ChristopherRabotin/bungiesearch,816068,Pypi,bungiesearch,1,ChristopherRabotin,bungiesearch,29273831,0,1489,37,3,29,8,6,132,0,8,66,2,2
1183,zopefoundation/zope.tal,816187,Pypi,zope.tal,1,zopefoundation,zope.tal,2801813,1,2067,2,21,151,1,36,2,20,368,2,0,4
1186,mozilla/payments-config,819214,NPM,mozilla-payments-config,1,mozilla,payments-config,20605350,0,1231,2,3,36,10,84,65,84,56,0,1,6
1187,dobarkod/django-casper,819255,Pypi,django-casper,1,dobarkod,django-casper,2965626,0,2049,85,3,61,3,0,0,296,8,0,23,5
1189,ojii/django-classy-tags,821881,Pypi,django-classy-tags,5,ojii,django-classy-tags,84204,0,2989,101,4,63,18,0,0,1,0,14,1,14
1190,dpkp/kafka-python,823583,Pypi,kafka-python,4,dpkp,kafka-python,8815870,0,2207,1785,79,2063,623,0,1,0,0,1,1,3
1191,heroku/salesforce-bulk,823901,Pypi,salesforce-bulk,1,heroku,salesforce-bulk,8630296,0,1671,103,5,102,23,0,118,84,0,3,51,4
1193,django/channels,829424,Pypi,channels,1,django,channels,45421334,0,1225,1888,108,492,537,0,0,0,0,0,0,6
1393,manahl/pytest-plugins,1130187,Pypi,pytest-shutil,2,manahl,pytest-plugins,24190682,0,1153,152,16,631,32,0,76,13,0,2,7,2
404,neovim/python-client,60670,Pypi,neovim,1,neovim,python-client,9703634,0,1617,497,27,396,143,1,11,2,0,2,1,3
1197,latchset/jwcrypto,831900,Pypi,jwcrypto,1,latchset,jwcrypto,32379338,0,1316,77,10,78,46,0,29,0,0,1,1,2
1202,PyCQA/pep8-naming,841729,Pypi,pep8-naming,1,PyCQA,pep8-naming,29992410,0,2069,76,5,43,16,0,2,0,0,0,0,2
1208,jazzband/django-widget-tweaks,847017,Pypi,django-widget-tweaks,2,jazzband,django-widget-tweaks,69290322,0,2410,254,4,17,9,0,0,6,0,7,822,7
1209,nephila/django-meta,847446,Pypi,django-meta,2,nephila,django-meta,32622373,0,1602,153,4,172,19,0,0,359,0,1,0,5
1210,mithro/python-datetime-tz,856358,Pypi,python-datetime-tz,1,mithro,python-datetime-tz,261693,0,2684,19,5,158,5,47,2,0,5,0,4,19
1212,rr-/screeninfo,862662,Pypi,screeninfo,1,rr-,screeninfo,21989374,0,1197,24,4,32,6,0,0,0,3,0,0,2
1219,markovmodel/msmtools,883259,Pypi,msmtools,1,markovmodel,msmtools,22023383,0,1196,20,10,425,35,537,0,36,374,0,1,2
1221,sirrice/pygg,883722,Pypi,pygg,1,sirrice,pygg,22145803,0,1238,45,5,37,8,4,0,0,0,0,0,2
1224,jazzband/sorl-thumbnail,884469,Pypi,sorl-thumbnail,5,jazzband,sorl-thumbnail,65623031,0,2890,168,9,52,48,0,0,0,0,29,0,3
1226,bigsassy/pytest-pythonpath,885819,Pypi,pytest-pythonpath,1,bigsassy,pytest-pythonpath,7831130,0,1710,29,3,32,2,0,0,0,0,0,0,3
1231,django-tastypie/django-tastypie,897343,Pypi,django-tastypie,2,django-tastypie,django-tastypie,15873917,0,3117,966,43,390,192,0,0,0,0,1,482,2
1233,timothycrosley/hug,897561,Pypi,hug,1,timothycrosley,hug,22095642,0,1181,5438,10,1795,237,0,4,6,0,0,0,1
1234,jazzband/django-model-utils,898265,Pypi,django-model-utils,4,jazzband,django-model-utils,62429535,0,3256,331,11,39,8,0,0,0,0,4,0,1
1235,pyarmory/pike,899580,Pypi,pike,1,pyarmory,pike,21562619,0,1209,12,2,48,4,1,0,172,0,0,0,1
1236,home-assistant/netdisco,900504,Pypi,netdisco,1,home-assistant,netdisco,34996924,0,1375,143,55,229,31,0,17,0,0,1,1,3
1243,Teradata/PyTd,906919,Pypi,teradata,1,Teradata,PyTd,22088365,0,1190,96,3,76,59,0,0,0,1,5,2,3
1244,kelproject/pykube,907822,Pypi,pykube,1,kelproject,pykube,36311498,0,1172,283,5,97,36,0,0,0,0,20,0,1
1245,rochacbruno/flasgger,909002,Pypi,flasgger,1,rochacbruno,flasgger,22046657,0,1171,1027,26,232,87,0,0,0,0,1,20,1
1246,pytest-dev/pytest-cov,909674,Pypi,pytest-cov,12,pytest-dev,pytest-cov,22129376,1,1637,301,14,243,68,0,0,0,0,1,2,4
1250,jaysonsantos/python-binary-memcached,913965,Pypi,python-binary-memcached,1,jaysonsantos,python-binary-memcached,1080963,0,2517,118,13,335,15,0,0,0,0,1,12,3
1257,MISP/PyMISP,919642,Pypi,pymisp,1,MISP,PyMISP,9242762,0,1638,89,15,674,98,0,0,0,0,0,0,2
1258,BD2KGenomics/toil,921005,Pypi,toil,1,BD2KGenomics,toil,22060119,0,1290,491,45,5539,1066,9,270,109,23,2,3,4
1261,geex-arts/django-jet,923885,Pypi,django-jet,1,geex-arts,django-jet,25007343,0,1169,1659,19,779,107,0,0,0,0,13,0,2
1265,jsocol/django-jsonview,927682,Pypi,django-jsonview,1,jsocol,django-jsonview,2722867,0,2060,197,6,153,13,0,0,0,1,0,11,3
1266,willthames/ansible-lint,928849,Pypi,ansible-lint,1,willthames,ansible-lint,5005852,0,1883,1166,41,510,143,0,0,0,0,1,3,2
1270,django-crispy-forms/django-crispy-forms,932969,Pypi,django-crispy-forms,1,django-crispy-forms,django-crispy-forms,45817582,0,2535,930,26,118,181,0,0,0,0,4,52,4
1278,matlink/gplaycli,944500,Pypi,GPlayCli,1,matlink,gplaycli,22194342,0,1284,400,5,573,158,0,77,0,1,2,12,2
1279,tomasbasham/ratelimit,944548,Pypi,ratelimit,1,tomasbasham,ratelimit,24910450,0,1141,81,6,80,9,0,0,0,0,2,0,10
1283,swistakm/python-gmaps,949912,Pypi,python-gmaps,1,swistakm,python-gmaps,5801052,0,1835,27,2,81,5,0,0,452,4,7,1,3
1286,ipfs/py-ipfs-api,966902,Pypi,ipfs-api,1,ipfs,py-ipfs-api,32503214,0,1133,267,10,83,31,0,5,0,0,2,10,4
1291,openfisca/openfisca-core,970393,Pypi,OpenFisca-Core,2,openfisca,openfisca-core,7176511,0,1746,48,15,6054,443,77,390,392,244,2,4,6
1292,minrk/pamela,971323,Pypi,pamela,1,minrk,pamela,25150606,0,1128,13,1,36,3,0,761,944,0,0,1,1
1293,inveniosoftware/invenio-base,972645,Pypi,invenio-base,1,inveniosoftware,invenio-base,24532517,0,1148,2,80,1031,33,6,319,46,2,0,1,2
1294,mrjoes/sockjs-tornado,972664,Pypi,sockjs-tornado,2,mrjoes,sockjs-tornado,27883,0,2500,547,7,70,20,0,57,0,0,0,0,3
1295,openfisca/openfisca-parsers,972690,Pypi,OpenFisca-Parsers,1,openfisca,openfisca-parsers,14462110,0,1386,1,6,290,10,264,54,222,0,0,1,2
1296,APSL/puput,972801,Pypi,puput,2,APSL,puput,25313933,0,1170,296,19,271,80,0,1,0,1,1,0,2
1301,conda/conda-env,976762,Pypi,conda-env,1,conda,conda-env,12864889,0,1639,95,20,477,98,0,26,0,0,1,1,4
1306,RPi-Distro/python-gpiozero,979647,Pypi,gpiozero,1,RPi-Distro,python-gpiozero,25897601,0,1122,560,10,638,257,0,6,0,0,0,0,7
1310,ludbb/secp256k1-py,982613,Pypi,secp256k1,1,ludbb,secp256k1-py,26207325,0,1119,48,1,77,9,0,0,365,0,66,0,1
1311,minimaxir/big-list-of-naughty-strings,982914,NPM,big-list-of-naughty-strings,1,minimaxir,big-list-of-naughty-strings,22087532,0,1159,24503,30,157,24,0,0,0,0,0,0,2
1314,inveniosoftware/invenio-celery,987281,Pypi,invenio-celery,1,inveniosoftware,invenio-celery,26039582,0,1118,0,14,109,12,0,0,34,0,0,0,3
1315,graphql-python/graphene,990011,Pypi,graphene,1,graphql-python,graphene,27198274,0,1112,3526,21,1326,485,0,0,0,0,1,1,2
1321,python-hyper/brotlipy,997616,Pypi,brotlipy,1,python-hyper,brotlipy,26469623,0,1104,58,5,380,10,0,84,143,0,0,0,3
1322,marshmallow-code/apispec,998209,Pypi,apispec,1,marshmallow-code,apispec,26533271,0,1453,298,15,515,75,0,0,0,2,2,3,2
1324,mathiasertl/fabric,998450,Pypi,Fabric3,3,mathiasertl,fabric,25744729,0,1128,684,2,138,17,0,0,368,0,5,2,1
1325,zopefoundation/zope.interface,999912,Pypi,zope.interface,32,zopefoundation,zope.interface,2408878,2,2102,127,22,347,41,0,4,1,0,0,1,3
1326,maxcountryman/flask-bcrypt,1008146,Pypi,Flask-Bcrypt,1,maxcountryman,flask-bcrypt,62933,0,2677,210,8,70,15,0,0,0,0,0,0,4
1327,graphql-python/graphql-core,1034785,Pypi,graphql-core,1,graphql-python,graphql-core,27121796,1,1100,286,9,599,66,0,0,0,0,3,2,2
1330,pdfminer/pdfminer.six,1044303,Pypi,pdfminer.six,3,pdfminer,pdfminer.six,55144916,0,1503,644,14,52,43,0,0,0,0,18,0,2
1336,zopefoundation/zope.event,1052538,Pypi,zope.event,3,zopefoundation,zope.event,2971391,0,2102,14,17,137,2,62,764,0,150,3,0,6
1337,ktbyers/netmiko,1052668,Pypi,netmiko,2,ktbyers,netmiko,13671385,1,1412,976,18,1276,484,0,0,0,1,3,1,2
1343,rkhleics/wagtailmodeladmin,1061828,Pypi,wagtailmodeladmin,1,rkhleics,wagtailmodeladmin,30186088,0,1211,65,1,102,20,0,0,146,0,0,0,2
1345,inveniosoftware/invenio-rest,1063846,Pypi,invenio-rest,1,inveniosoftware,invenio-rest,28094119,0,1078,2,15,88,16,4,67,0,0,1,1,3
1346,frictionlessdata/tableschema-py,1064056,Pypi,jsontableschema,1,frictionlessdata,tableschema-py,60897188,0,1332,73,8,188,42,0,7,0,0,0,0,1
1350,MongoEngine/flask-mongoengine,1066320,Pypi,flask-mongoengine,1,MongoEngine,flask-mongoengine,9307,0,2339,510,17,219,147,0,0,0,0,1,1,3
1351,Frozen-Flask/Frozen-Flask,1069761,Pypi,Frozen-Flask,1,Frozen-Flask,Frozen-Flask,44319457,0,2847,190,1,18,13,0,100,446,0,4,432,1
1357,randomchars/pushbullet.py,1077535,Pypi,pushbullet.py,1,randomchars,pushbullet.py,2778486,0,2056,506,8,181,55,0,157,106,0,1,7,1
1359,freenas/middleware,1089011,Pypi,freenas.utils,1,freenas,middleware,22081221,0,1189,23,30,10527,1,102,22,172,63,0,1,2
1360,tsuru/python-tsuruclient,1089424,Pypi,tsuruclient,1,tsuru,python-tsuruclient,14675772,0,2091,4,10,86,1,0,0,0,0,1,11,1
1361,clld/clldutils,1090226,Pypi,clldutils,1,clld,clldutils,28932202,0,1057,1,2,225,47,0,0,466,270,0,11,4
1018,core-api/python-client,712468,Pypi,coreapi,3,core-api,python-client,17421396,1,1307,147,2,472,46,0,214,590,0,0,0,2
473,niltonvolpato/python-progressbar,66294,Pypi,progressbar,1,niltonvolpato,python-progressbar,28895749,0,1059,262,2,12,9,0,0,438,0,31,29,1
1366,ubernostrum/django-registration,1093813,Pypi,django-registration,2,ubernostrum,django-registration,5562706,0,1855,471,18,513,87,0,0,0,0,7,3,2
1370,mattupstate/flask-security,1107958,Pypi,Flask-Security,1,mattupstate,flask-security,52097,0,2408,1071,71,644,366,0,0,0,0,6,29,2
1372,rewardStyle/generator-plait,1108430,NPM,generator-plait,3,rewardStyle,generator-plait,28106792,0,1078,3,4,36,1,14,0,14,0,0,0,2
1373,nir0s/distro,1111525,Pypi,distro,1,nir0s,distro,35487415,0,1045,74,12,167,44,0,163,0,42,1,18,7
1374,crccheck/django-object-actions,1111892,Pypi,django-object-actions,1,crccheck,django-object-actions,5802576,0,2181,210,10,155,16,0,0,0,0,0,1,4
474,WoLpH/python-progressbar,66296,Pypi,progressbar2,4,WoLpH,python-progressbar,4908690,0,2424,382,14,585,139,0,406,0,0,0,1,3
1381,poooi/plugin-translator,1120277,NPM,poi-plugin-translator,1,poooi,plugin-translator,29440184,0,1045,0,6,159,2,62,0,0,36,0,0,3
1382,product-definition-center/pdc-client,1120410,Pypi,pdc-client,1,product-definition-center,pdc-client,28841116,0,1059,5,19,549,6,61,133,57,214,3,1,3
1385,googleapis/googleapis,1122997,Pypi,googleapis-common-protos,4,googleapis,googleapis,32424093,1,1295,648,39,1669,45,50,3,101,0,0,0,4
1388,lektor/lektor,1126081,Pypi,Lektor,2,lektor,lektor,28867569,0,1026,3072,20,657,201,0,0,44,0,2,0,3
1390,eoranged/rq-dashboard,1127728,Pypi,rq-dashboard,1,eoranged,rq-dashboard,44098590,0,778,234,4,57,18,0,0,250,0,2,274,2
1391,xeroc/python-graphenelib,1128807,Pypi,graphenelib,1,xeroc,python-graphenelib,23180137,0,1181,57,14,728,15,14,2,2,0,5,1,6
1364,datawire/quark,1092190,NPM,datawire-quark-core,3,datawire,quark,25017584,1,1140,92,19,3012,48,176,118,136,96,1,0,2
1397,django-treebeard/django-treebeard,1135071,Pypi,django-treebeard,1,django-treebeard,django-treebeard,51196129,1,3106,157,7,127,16,0,0,0,0,1,0,1
1398,bear/python-twitter,1135200,Pypi,python-twitter,3,bear,python-twitter,788376,0,2219,1965,27,810,275,0,0,0,0,0,0,1
1399,ivandokov/phockup,1136314,NPM,phockup,1,ivandokov,phockup,29149528,0,1044,67,1,160,21,0,0,897,1,0,0,4
